,Time [sec],Voltage [V]
0,0.0,2.157159103061395
1,0.01001001001001001,2.0973494226180716
2,0.02002002002002002,2.498486778479046
3,0.03003003003003003,2.0206410444417147
4,0.04004004004004004,2.0481552229484876
5,0.050050050050050046,2.2263009723220923
6,0.06006006006006006,2.4040664446218862
7,0.07007007007007007,2.2015601525398316
8,0.08008008008008008,2.2146462300198064
9,0.09009009009009009,1.6735907943758948
10,0.10010010010010009,2.168174905494979
11,0.11011011011011011,2.491554569918703
12,0.12012012012012012,2.2480657129939985
13,0.13013013013013014,1.8372571930069506
14,0.14014014014014015,2.009752343824134
15,0.15015015015015015,2.634777710250855
16,0.16016016016016016,2.355901957988275
17,0.17017017017017017,1.7961348686401937
18,0.18018018018018017,2.388328416806865
19,0.19019019019019018,2.205554632329168
20,0.20020020020020018,1.9386851271579906
21,0.21021021021021022,2.6913958838949905
22,0.22022022022022023,2.3115255470457217
23,0.23023023023023023,2.6062462601498657
24,0.24024024024024024,2.443655186682392
25,0.2502502502502503,2.4955458701807576
26,0.2602602602602603,2.474793852648999
27,0.2702702702702703,2.4844738963716817
28,0.2802802802802803,2.3270622502284217
29,0.2902902902902903,1.997437175149892
30,0.3003003003003003,2.3383899708784526
31,0.3103103103103103,2.1289551441614725
32,0.3203203203203203,2.9739693842272477
33,0.3303303303303303,2.3082772685206834
34,0.34034034034034033,2.925271577785529
35,0.35035035035035034,2.3615456134146857
36,0.36036036036036034,2.9064226388290018
37,0.37037037037037035,2.5480814221530226
38,0.38038038038038036,2.452455378019656
39,0.39039039039039036,2.2541741745742647
40,0.40040040040040037,2.8590607313514362
41,0.41041041041041043,2.373802188690507
42,0.42042042042042044,2.5233337963868334
43,0.43043043043043044,2.8019084853349265
44,0.44044044044044045,2.648854237323166
45,0.45045045045045046,2.4708999701921903
46,0.46046046046046046,2.3263043772562773
47,0.47047047047047047,2.5954826397875888
48,0.4804804804804805,3.1270930166722977
49,0.4904904904904905,3.2165489469267
50,0.5005005005005005,2.9616316830188554
51,0.5105105105105106,2.9017686219712777
52,0.5205205205205206,3.1566688438193466
53,0.5305305305305306,3.319277706048429
54,0.5405405405405406,2.54433957285456
55,0.5505505505505506,2.6460546695635774
56,0.5605605605605606,2.5826337096461462
57,0.5705705705705706,2.7549660572560715
58,0.5805805805805806,3.2697461379418575
59,0.5905905905905906,3.3952614027435604
60,0.6006006006006006,3.2479351057643715
61,0.6106106106106106,2.7775835766307773
62,0.6206206206206206,3.069378908343572
63,0.6306306306306306,3.2226428796195163
64,0.6406406406406406,3.3156150867346335
65,0.6506506506506506,3.2482027892366805
66,0.6606606606606606,3.2459422832238385
67,0.6706706706706707,3.17426113094669
68,0.6806806806806807,3.626618966948434
69,0.6906906906906907,3.2672842196184533
70,0.7007007007007007,3.6491776732743073
71,0.7107107107107107,3.087238414180764
72,0.7207207207207207,3.7298655122926396
73,0.7307307307307307,3.6765790989115583
74,0.7407407407407407,3.458846986379036
75,0.7507507507507507,2.9558388758630265
76,0.7607607607607607,3.745165317148261
77,0.7707707707707707,3.156309585950401
78,0.7807807807807807,3.5283807112126118
79,0.7907907907907907,3.2696258479419384
80,0.8008008008008007,3.6032076400947304
81,0.8108108108108109,3.066240995994794
82,0.8208208208208209,3.7117267193526056
83,0.8308308308308309,3.3473892838950285
84,0.8408408408408409,3.6614050901581816
85,0.8508508508508509,3.4096764808134434
86,0.8608608608608609,3.243517922272285
87,0.8708708708708709,3.2786046133523814
88,0.8808808808808809,3.650750343514286
89,0.8908908908908909,3.6119130471290615
90,0.9009009009009009,3.4566143770831257
91,0.9109109109109109,3.0442301755170496
92,0.9209209209209209,3.108546629318895
93,0.9309309309309309,3.2454225575091398
94,0.9409409409409409,3.8190766420571762
95,0.950950950950951,3.483913156833281
96,0.960960960960961,3.682094806513114
97,0.970970970970971,2.996125052207547
98,0.980980980980981,3.3460962236847824
99,0.990990990990991,3.667594333068719
100,1.001001001001001,3.3049663220342222
101,1.011011011011011,3.705449631978889
102,1.021021021021021,3.4946048862290064
103,1.031031031031031,3.068719795985975
104,1.0410410410410411,3.829818938942616
105,1.0510510510510511,3.4147637998102764
106,1.0610610610610611,3.641565370182578
107,1.0710710710710711,3.7536472960273555
108,1.0810810810810811,3.7015842738608566
109,1.0910910910910911,3.648260081631261
110,1.1011011011011012,2.9899732666243115
111,1.1111111111111112,3.335998011968937
112,1.1211211211211212,3.3410028625567696
113,1.1311311311311312,3.167711147102524
114,1.1411411411411412,3.441076348870508
115,1.1511511511511512,3.438700407219226
116,1.1611611611611612,3.9289146299269846
117,1.1711711711711712,3.8459595187895435
118,1.1811811811811812,3.027775967296363
119,1.1911911911911912,3.863392381054934
120,1.2012012012012012,2.910034110281523
121,1.2112112112112112,3.046378242864121
122,1.2212212212212212,3.097338351803409
123,1.2312312312312312,3.232953284157296
124,1.2412412412412412,3.110327262316983
125,1.2512512512512513,2.957620963433803
126,1.2612612612612613,2.909150750674138
127,1.2712712712712713,3.0637895713086873
128,1.2812812812812813,3.6251230402852874
129,1.2912912912912913,3.6377468796501558
130,1.3013013013013013,2.9834228262044595
131,1.3113113113113113,3.5166086920111077
132,1.3213213213213213,3.5106344575540973
133,1.3313313313313313,2.736996510148964
134,1.3413413413413413,3.5272113646918015
135,1.3513513513513513,3.4393999298925353
136,1.3613613613613613,3.585779517359875
137,1.3713713713713713,2.973293683695079
138,1.3813813813813813,2.9497768043622736
139,1.3913913913913913,3.503776422996784
140,1.4014014014014013,3.286479926451661
141,1.4114114114114114,2.715929029262156
142,1.4214214214214214,3.45115106591968
143,1.4314314314314314,2.707626642323332
144,1.4414414414414414,3.1408600319884434
145,1.4514514514514514,2.6890449204035396
146,1.4614614614614614,2.5837656791797
147,1.4714714714714714,2.612037116084207
148,1.4814814814814814,2.450098567043187
149,1.4914914914914914,3.0385722785170297
150,1.5015015015015014,2.860186304474089
151,1.5115115115115114,2.7496893401652325
152,1.5215215215215214,2.5704251997098746
153,1.5315315315315314,2.2234875421564873
154,1.5415415415415414,3.048606869920791
155,1.5515515515515514,2.415240564878288
156,1.5615615615615615,2.8500916561599703
157,1.5715715715715715,2.991819169365835
158,1.5815815815815815,2.630685130649124
159,1.5915915915915915,2.075329600894917
160,1.6016016016016015,2.674038055291359
161,1.6116116116116117,1.9855555609900768
162,1.6216216216216217,2.753334082677171
163,1.6316316316316317,2.7650508605446844
164,1.6416416416416417,2.498935576423807
165,1.6516516516516517,2.11891658311292
166,1.6616616616616617,2.057163860191938
167,1.6716716716716717,2.467755174574875
168,1.6816816816816818,2.4635717560588484
169,1.6916916916916918,1.8139732854403507
170,1.7017017017017018,1.774721644012749
171,1.7117117117117118,2.278820812653121
172,1.7217217217217218,1.6387359244927622
173,1.7317317317317318,1.6649021184368809
174,1.7417417417417418,1.573819332081749
175,1.7517517517517518,1.8974063155002456
176,1.7617617617617618,1.2798468276319697
177,1.7717717717717718,1.2595475431578111
178,1.7817817817817818,1.251468671622555
179,1.7917917917917918,1.93254731892951
180,1.8018018018018018,1.7448967244018885
181,1.8118118118118118,1.0598420888558047
182,1.8218218218218218,1.3882227605884738
183,1.8318318318318318,1.1062504867284613
184,1.8418418418418419,1.3509366033096406
185,1.8518518518518519,1.186745079508209
186,1.8618618618618619,1.5688071140675852
187,1.8718718718718719,1.8041532835777248
188,1.8818818818818819,1.051235485323974
189,1.8918918918918919,0.9476533776526503
190,1.901901901901902,1.1437625194626455
191,1.911911911911912,1.202045616801742
192,1.921921921921922,1.1987018349493188
193,1.931931931931932,1.256173396097918
194,1.941941941941942,0.6291978981674939
195,1.951951951951952,0.8308684663043985
196,1.961961961961962,0.6935139780469806
197,1.971971971971972,1.020627792808704
198,1.981981981981982,0.5558517672185631
199,1.991991991991992,0.5608787699265171
200,2.002002002002002,1.3131808749280842
201,2.012012012012012,1.1116962880024477
202,2.022022022022022,1.0650905996065916
203,2.032032032032032,0.982013788952456
204,2.042042042042042,0.8755475236706144
205,2.052052052052052,0.682701356928864
206,2.062062062062062,0.8850737917280255
207,2.0720720720720722,0.9756572624781215
208,2.0820820820820822,0.6645859208879155
209,2.0920920920920922,1.0770574221121807
210,2.1021021021021022,0.3158287628188826
211,2.1121121121121122,0.5861659933537167
212,2.1221221221221223,0.9387613022569462
213,2.1321321321321323,0.3833980327362294
214,2.1421421421421423,0.5931236657522154
215,2.1521521521521523,0.32099981297447444
216,2.1621621621621623,0.6038475365624497
217,2.1721721721721723,0.27736526049768184
218,2.1821821821821823,0.4632571466925992
219,2.1921921921921923,0.6485583613786721
220,2.2022022022022023,0.20508332502416815
221,2.2122122122122123,0.6510668477042038
222,2.2222222222222223,0.9349920114246963
223,2.2322322322322323,0.04097349763578828
224,2.2422422422422423,0.5829434971256143
225,2.2522522522522523,0.857344754240951
226,2.2622622622622623,0.8559629406228122
227,2.2722722722722724,0.033728732140819284
228,2.2822822822822824,0.4729362735094069
229,2.2922922922922924,0.7167688521185859
230,2.3023023023023024,0.3103544537363073
231,2.3123123123123124,0.3965902662114823
232,2.3223223223223224,0.34918244817293753
233,2.3323323323323324,0.995982138769114
234,2.3423423423423424,0.6809093968447869
235,2.3523523523523524,0.6318414141555388
236,2.3623623623623624,0.20579454449683876
237,2.3723723723723724,0.5242324484136939
238,2.3823823823823824,1.120229060121476
239,2.3923923923923924,0.8822742464708032
240,2.4024024024024024,1.2268501069786533
241,2.4124124124124124,0.6767223359768628
242,2.4224224224224224,0.3316610721395834
243,2.4324324324324325,1.0759469052140669
244,2.4424424424424425,0.8179564072382671
245,2.4524524524524525,0.415228264606334
246,2.4624624624624625,0.4725532129346157
247,2.4724724724724725,1.2408277027570418
248,2.4824824824824825,0.7887307742895867
249,2.4924924924924925,0.6318505948529846
250,2.5025025025025025,1.0423782279788338
251,2.5125125125125125,1.434715008164642
252,2.5225225225225225,1.1720696100276173
253,2.5325325325325325,1.2770906065707095
254,2.5425425425425425,1.265686079113353
255,2.5525525525525525,1.0722983404665045
256,2.5625625625625625,1.2482348996159658
257,2.5725725725725725,1.644262928508168
258,2.5825825825825826,1.82331470223063
259,2.5925925925925926,1.4621594297255482
260,2.6026026026026026,1.156003622278942
261,2.6126126126126126,2.070290470852971
262,2.6226226226226226,1.4600846717135112
263,2.6326326326326326,1.327799055308787
264,2.6426426426426426,1.8958110978957423
265,2.6526526526526526,2.0334373325544357
266,2.6626626626626626,1.7931147503398484
267,2.6726726726726726,2.1026280741853025
268,2.6826826826826826,2.1351196663811938
269,2.6926926926926926,2.37544291240762
270,2.7027027027027026,1.88250718508234
271,2.7127127127127126,2.5650120330071617
272,2.7227227227227226,1.8719031302922176
273,2.7327327327327327,2.0064943740809045
274,2.7427427427427427,2.0588671801887837
275,2.7527527527527527,2.172237950326847
276,2.7627627627627627,2.7376393817434908
277,2.7727727727727727,2.726112196657152
278,2.7827827827827827,2.979103749879487
279,2.7927927927927927,2.5240709142565216
280,2.8028028028028027,2.7424211986648492
281,2.8128128128128127,3.119484451174593
282,2.8228228228228227,2.5961117399022506
283,2.8328328328328327,3.1217846930544324
284,2.8428428428428427,3.320709037043436
285,2.8528528528528527,2.625730400367721
286,2.8628628628628627,3.1388503480068337
287,2.8728728728728727,2.556808237260916
288,2.8828828828828827,2.7531643311977656
289,2.8928928928928928,3.2193764266737985
290,2.9029029029029028,3.490780600967507
291,2.9129129129129128,3.413844833353179
292,2.9229229229229228,3.4873665143295236
293,2.932932932932933,3.028968533856372
294,2.942942942942943,3.591032579637054
295,2.952952952952953,3.1494326413071994
296,2.962962962962963,2.8292685048409663
297,2.972972972972973,2.8586298828172745
298,2.982982982982983,3.385862333691121
299,2.992992992992993,3.554228258870129
300,3.003003003003003,3.830523113584728
301,3.013013013013013,3.804631705811877
302,3.023023023023023,3.6966291905952886
303,3.033033033033033,2.9636959524689077
304,3.043043043043043,3.7708841051637645
305,3.053053053053053,3.7683123645607064
306,3.063063063063063,3.4978426348705183
307,3.073073073073073,3.801379143868726
308,3.083083083083083,3.0751940258106982
309,3.093093093093093,3.715750386448259
310,3.103103103103103,3.601431165587698
311,3.113113113113113,3.4129082219633355
312,3.123123123123123,3.705461983601729
313,3.133133133133133,3.332415520746142
314,3.143143143143143,3.0059135950776383
315,3.153153153153153,3.1384105742031774
316,3.163163163163163,3.1281943590435835
317,3.173173173173173,3.2318300057013247
318,3.183183183183183,3.2885483781844513
319,3.193193193193193,3.5000644378589993
320,3.203203203203203,3.576765622400533
321,3.2132132132132134,3.2462187517534073
322,3.2232232232232234,3.4729215697597113
323,3.2332332332332334,2.9260150607071522
324,3.2432432432432434,3.3855043442497217
325,3.2532532532532534,3.1565050832562074
326,3.2632632632632634,3.3198718097339412
327,3.2732732732732734,3.3057197865288623
328,3.2832832832832834,2.8021984772930177
329,3.2932932932932935,3.2232443397047406
330,3.3033033033033035,3.160524751690032
331,3.3133133133133135,2.6765672226166024
332,3.3233233233233235,2.4014601883711997
333,3.3333333333333335,2.7603009571361943
334,3.3433433433433435,3.1964589574801576
335,3.3533533533533535,2.303751212102742
336,3.3633633633633635,2.750234023090098
337,3.3733733733733735,2.166156175932202
338,3.3833833833833835,2.1303144497404514
339,3.3933933933933935,2.141118103724086
340,3.4034034034034035,2.77013347439722
341,3.4134134134134135,1.8304577291033817
342,3.4234234234234235,2.101319566347386
343,3.4334334334334335,1.8813854717526124
344,3.4434434434434436,2.249001895953729
345,3.4534534534534536,2.381039264543784
346,3.4634634634634636,2.131653565140101
347,3.4734734734734736,1.8143216863990794
348,3.4834834834834836,2.2627483976230747
349,3.4934934934934936,1.7278045502105421
350,3.5035035035035036,1.4944229222050938
351,3.5135135135135136,1.3390115221941221
352,3.5235235235235236,1.4600660269554844
353,3.5335335335335336,1.7988347890317145
354,3.5435435435435436,1.399832233768432
355,3.5535535535535536,1.738487339399453
356,3.5635635635635636,1.01699410855962
357,3.5735735735735736,1.2440306553038982
358,3.5835835835835836,0.7243367028730674
359,3.5935935935935936,0.7019218921430258
360,3.6036036036036037,1.004542984062056
361,3.6136136136136137,0.9099438361333609
362,3.6236236236236237,1.157607476519929
363,3.6336336336336337,0.5879089141568765
364,3.6436436436436437,0.6348109017763102
365,3.6536536536536537,0.3349356723439719
366,3.6636636636636637,1.1926393044612156
367,3.6736736736736737,1.2143861681343402
368,3.6836836836836837,0.842987590987586
369,3.6936936936936937,0.26866072599649016
370,3.7037037037037037,0.6180600771838716
371,3.7137137137137137,0.4856094590117985
372,3.7237237237237237,0.1904603200525472
373,3.7337337337337337,0.09590513433952985
374,3.7437437437437437,0.34945137264942516
375,3.7537537537537538,0.2006784929518569
376,3.7637637637637638,0.5848011759775349
377,3.7737737737737738,0.9826709661300376
378,3.7837837837837838,0.18132864198732446
379,3.793793793793794,0.28732364685303424
380,3.803803803803804,0.2068121308545745
381,3.813813813813814,0.8710300938024684
382,3.823823823823824,0.6251531079214632
383,3.833833833833834,0.5983650200580545
384,3.843843843843844,0.7554503519848967
385,3.853853853853854,0.6118948846888627
386,3.863863863863864,0.5291970367356259
387,3.873873873873874,0.24879130266766503
388,3.883883883883884,0.13954901399100805
389,3.893893893893894,0.8084653613139773
390,3.903903903903904,0.4354195569683432
391,3.913913913913914,0.940019376313654
392,3.923923923923924,0.3903881972118678
393,3.933933933933934,0.3867046415980211
394,3.943943943943944,0.5493500432490072
395,3.953953953953954,0.5082370884148008
396,3.963963963963964,1.4192196160782773
397,3.973973973973974,0.6766835096941312
398,3.983983983983984,1.0285759242183352
399,3.993993993993994,0.8564490197331668
400,4.004004004004004,1.0138523219994233
401,4.014014014014014,1.4874278736574658
402,4.024024024024024,1.0078099732712444
403,4.034034034034034,1.6336969527546232
404,4.044044044044044,1.689027811026007
405,4.054054054054054,1.3414215268630407
406,4.064064064064064,1.2292378114795803
407,4.074074074074074,1.512344993893454
408,4.084084084084084,2.0926699650373655
409,4.094094094094094,1.497406572820191
410,4.104104104104104,2.0103030133088398
411,4.114114114114114,1.870878784276783
412,4.124124124124124,2.122530469980628
413,4.134134134134134,2.3400248450773846
414,4.1441441441441444,2.4140752402816523
415,4.1541541541541545,1.8223161105732033
416,4.1641641641641645,2.1726059223690606
417,4.1741741741741745,2.141582615117061
418,4.1841841841841845,2.4808576958321753
419,4.1941941941941945,2.674100434229325
420,4.2042042042042045,2.7791149420763834
421,4.2142142142142145,2.5739133143554422
422,4.2242242242242245,2.7743406837795765
423,4.2342342342342345,3.2387307941902743
424,4.2442442442442445,2.9817103655127375
425,4.2542542542542545,2.851201816884029
426,4.2642642642642645,2.9155546391053044
427,4.2742742742742745,3.4454213086712775
428,4.2842842842842845,3.6525610476033203
429,4.2942942942942945,3.360068791411505
430,4.3043043043043046,3.4653376779686456
431,4.314314314314315,3.29333749259525
432,4.324324324324325,2.8539357814570137
433,4.334334334334335,2.8771004478784916
434,4.344344344344345,3.7731134405579154
435,4.354354354354355,3.552776486486228
436,4.364364364364365,3.6072582862816747
437,4.374374374374375,3.2358097872848415
438,4.384384384384385,3.2534995604705905
439,4.394394394394395,3.0073034807709247
440,4.404404404404405,3.887405647377942
441,4.414414414414415,3.876232745013382
442,4.424424424424425,3.397368787287938
443,4.434434434434435,3.0755430752185853
444,4.444444444444445,2.9854317518578366
445,4.454454454454455,3.1549246987182213
446,4.464464464464465,3.3520740447029507
447,4.474474474474475,3.7637958357115897
448,4.484484484484485,3.640148451674882
449,4.494494494494495,3.4926478172697006
450,4.504504504504505,3.158755440509598
451,4.514514514514515,3.013446471758833
452,4.524524524524525,3.036996859929154
453,4.534534534534535,2.8913362543422076
454,4.544544544544545,3.279040758759218
455,4.554554554554555,3.3329523682081255
456,4.564564564564565,2.8389268804055816
457,4.574574574574575,2.801920162539752
458,4.584584584584585,2.82526133836898
459,4.594594594594595,2.640054520442611
460,4.604604604604605,3.159355406391462
461,4.614614614614615,2.8125451554049357
462,4.624624624624625,2.189571855692861
463,4.634634634634635,2.171920809047239
464,4.644644644644645,2.7830987673026444
465,4.654654654654655,1.9207032788542064
466,4.664664664664665,2.1933937337734872
467,4.674674674674675,2.073028717311991
468,4.684684684684685,2.317752197241063
469,4.694694694694695,1.87524259574319
470,4.704704704704705,2.3453939931460934
471,4.714714714714715,1.4776511356482867
472,4.724724724724725,1.9623935969011208
473,4.734734734734735,2.124487137374425
474,4.744744744744745,1.1594853444726994
475,4.754754754754755,1.0080293970117502
476,4.764764764764765,1.0669899679005763
477,4.774774774774775,1.432661482891656
478,4.784784784784785,0.7709378880540854
479,4.794794794794795,1.0020685303898427
480,4.804804804804805,1.0073772058417205
481,4.814814814814815,1.162941461264123
482,4.824824824824825,1.3815923288179306
483,4.834834834834835,0.5464147395752326
484,4.844844844844845,0.4102651954405977
485,4.854854854854855,1.14988481242115
486,4.864864864864865,0.5850709255998313
487,4.874874874874875,0.6372625543481499
488,4.884884884884885,0.5984788407334295
489,4.894894894894895,0.5516605940595035
490,4.904904904904905,0.2850152860585491
491,4.914914914914915,0.8634082947328808
492,4.924924924924925,0.554603391545725
493,4.934934934934935,0.31303829854600584
494,4.944944944944945,0.2725505484711621
495,4.954954954954955,0.793602840048027
496,4.964964964964965,0.7356538921306047
497,4.974974974974975,0.8742526363330152
498,4.984984984984985,0.5220170517445342
499,4.994994994994995,0.23009569401337993
500,5.005005005005005,0.6151598969240951
501,5.015015015015015,0.8157075717335591
502,5.025025025025025,0.7589830790149996
503,5.035035035035035,0.6963441266585007
504,5.045045045045045,0.4853560850581581
505,5.055055055055055,0.9930894462997643
506,5.065065065065065,0.424041778635069
507,5.075075075075075,1.065839924049156
508,5.085085085085085,0.8658198497909754
509,5.095095095095095,0.7104306950625564
510,5.105105105105105,0.6424541158302071
511,5.115115115115115,1.416674558438873
512,5.125125125125125,1.029210524532169
513,5.135135135135135,1.4458509577000735
514,5.145145145145145,1.176753566368149
515,5.155155155155155,0.9574130710050538
516,5.165165165165165,1.0081278695634235
517,5.175175175175175,1.2973311603474358
518,5.185185185185185,1.2447142009779615
519,5.195195195195195,2.1497229691706363
520,5.205205205205205,1.8329094843726232
521,5.215215215215215,2.0329058244685894
522,5.225225225225225,2.274014820012572
523,5.235235235235235,2.0532463723714214
524,5.245245245245245,2.3284388983303774
525,5.255255255255255,2.5976260929566117
526,5.265265265265265,2.6181214507410395
527,5.275275275275275,2.5457061773777867
528,5.285285285285285,2.7236825239976783
529,5.295295295295295,2.340579220982448
530,5.305305305305305,2.5259333634864536
531,5.315315315315315,3.0422577245295495
532,5.325325325325325,3.275515680889908
533,5.335335335335335,2.952989123484699
534,5.345345345345345,3.5313868274308935
535,5.355355355355355,3.344501189064028
536,5.365365365365365,3.4968857689633057
537,5.375375375375375,3.5640152876958813
538,5.385385385385385,3.1444425140785337
539,5.395395395395395,3.7287021526375486
540,5.405405405405405,3.18414961203034
541,5.415415415415415,3.664068402380183
542,5.425425425425425,3.0792225875754236
543,5.435435435435435,3.96507980478927
544,5.445445445445445,3.6697495751611404
545,5.455455455455455,3.935491370851036
546,5.465465465465465,3.0749449978941312
547,5.475475475475475,3.3974274566404716
548,5.485485485485485,3.198122571353231
549,5.495495495495495,3.56750900444356
550,5.505505505505505,3.721439355074291
551,5.515515515515515,3.8606394573699756
552,5.525525525525525,3.3401627874239033
553,5.535535535535535,3.144517174144909
554,5.545545545545545,3.5342411740661914
555,5.555555555555555,3.481723613588717
556,5.565565565565565,2.968016782761003
557,5.575575575575575,2.9225748839311327
558,5.585585585585585,3.063839753890278
559,5.595595595595595,2.5487690537060703
560,5.605605605605605,3.2457911587541077
561,5.615615615615615,2.63125828765104
562,5.625625625625625,2.3353828629687388
563,5.635635635635635,2.643379523336593
564,5.645645645645645,2.868648168451904
565,5.655655655655655,2.009438160904685
566,5.665665665665665,1.971194146187639
567,5.675675675675675,2.635557943623725
568,5.685685685685685,1.8810804414710647
569,5.6956956956956954,1.6711508904507335
570,5.7057057057057055,2.201968525132004
571,5.7157157157157155,1.4116102371502754
572,5.7257257257257255,1.9288402240308216
573,5.7357357357357355,1.3737695935458363
574,5.7457457457457455,1.4964909707594352
575,5.7557557557557555,2.0143354843069354
576,5.7657657657657655,0.9257843337754655
577,5.7757757757757755,1.194942719072455
578,5.7857857857857855,0.742041632582697
579,5.7957957957957955,1.3944910893985307
580,5.8058058058058055,1.1791123685555402
581,5.8158158158158155,0.6579228989956653
582,5.8258258258258255,1.3805157339515493
583,5.8358358358358355,0.7644293361396973
584,5.8458458458458455,1.0179776567955119
585,5.8558558558558556,0.8223438621398984
586,5.865865865865866,0.5812507512897767
587,5.875875875875876,0.3657315949387613
588,5.885885885885886,0.9013675663314576
589,5.895895895895896,1.0582130406363848
590,5.905905905905906,0.253594244549177
591,5.915915915915916,0.6558843567574537
592,5.925925925925926,0.5861988176156736
593,5.935935935935936,0.6421986807794825
594,5.945945945945946,0.24563070031130663
595,5.955955955955956,0.11358495583516748
596,5.965965965965966,0.1504411030209153
597,5.975975975975976,0.29601797498658255
598,5.985985985985986,0.4927011058312568
599,5.995995995995996,0.7319349146565673
600,6.006006006006006,0.9184031588519733
601,6.016016016016016,0.6857799343699953
602,6.026026026026026,1.0009173604911386
603,6.036036036036036,1.1692851954999397
604,6.046046046046046,0.7424500581758353
605,6.056056056056056,1.449745533342297
606,6.066066066066066,0.9651148689420151
607,6.076076076076076,1.4514253462064426
608,6.086086086086086,1.2910769735492504
609,6.096096096096096,1.179495747673557
610,6.106106106106106,1.7328013932700754
611,6.116116116116116,1.3842831354876335
612,6.126126126126126,1.2882753585863393
613,6.136136136136136,1.6769690030376294
614,6.146146146146146,2.0632076338471697
615,6.156156156156156,2.356923811349794
616,6.166166166166166,2.409912735452077
617,6.176176176176176,2.0498047890759556
618,6.186186186186186,1.816072612363845
619,6.196196196196196,2.0681834851298926
620,6.206206206206206,2.870894466844578
621,6.216216216216216,3.0005668183503755
622,6.226226226226226,2.483603671376299
623,6.236236236236236,2.567092834487614
624,6.246246246246246,3.1299132209654186
625,6.256256256256256,3.107650039441613
626,6.266266266266266,2.8508065577345647
627,6.276276276276276,3.5065653187102184
628,6.286286286286286,3.5105535807688026
629,6.296296296296296,3.5890793718899436
630,6.306306306306306,2.810669910276597
631,6.316316316316316,3.3538626483245357
632,6.326326326326326,2.911107192815337
633,6.336336336336336,3.0941175502946945
634,6.346346346346346,3.646318217746676
635,6.356356356356356,3.026943760036872
636,6.366366366366366,3.2689405087869376
637,6.376376376376376,3.6348333933306174
638,6.386386386386386,3.114921149126782
639,6.396396396396396,3.7220996039387964
640,6.406406406406406,3.5272634669244414
641,6.416416416416417,3.1826219539416756
642,6.426426426426427,3.5812775965136048
643,6.436436436436437,2.939361297805012
644,6.446446446446447,3.211752850146965
645,6.456456456456457,2.822364015069999
646,6.466466466466467,3.0795771616397354
647,6.476476476476477,2.8049703614365167
648,6.486486486486487,3.3525389139381003
649,6.496496496496497,3.3955435464472288
650,6.506506506506507,2.4752826559152084
651,6.516516516516517,2.951042796826111
652,6.526526526526527,2.4704909611818677
653,6.536536536536537,2.6652895271095303
654,6.546546546546547,2.871236684311833
655,6.556556556556557,2.3593498116728533
656,6.566566566566567,2.4226122845203224
657,6.576576576576577,2.4466642397008544
658,6.586586586586587,1.6401919076835356
659,6.596596596596597,2.075882025288177
660,6.606606606606607,2.136367436323654
661,6.616616616616617,2.0242986989026983
662,6.626626626626627,1.9950318873193154
663,6.636636636636637,1.475110487488347
664,6.646646646646647,1.3716246372030592
665,6.656656656656657,1.513527872040605
666,6.666666666666667,1.248479951879409
667,6.676676676676677,0.8637594394264225
668,6.686686686686687,0.9994359432277066
669,6.696696696696697,1.0506171560603588
670,6.706706706706707,0.8069256576401453
671,6.716716716716717,0.28185148884540057
672,6.726726726726727,0.6591454339107694
673,6.736736736736737,0.2447782239022216
674,6.746746746746747,0.720955994100224
675,6.756756756756757,0.684988195116111
676,6.766766766766767,0.5870444188014896
677,6.776776776776777,0.687972454952294
678,6.786786786786787,0.48166596674783013
679,6.796796796796797,0.6901680870418878
680,6.806806806806807,0.6186292991396578
681,6.816816816816817,0.7331622590414966
682,6.826826826826827,0.23492262924383311
683,6.836836836836837,0.7919810913958051
684,6.846846846846847,0.4794456633586899
685,6.856856856856857,0.3690772067060434
686,6.866866866866867,0.40465400526061557
687,6.876876876876877,0.41305298588238804
688,6.886886886886887,1.0349917086843692
689,6.896896896896897,1.008441985580212
690,6.906906906906907,0.8697539670766976
691,6.916916916916917,0.9034783102011442
692,6.926926926926927,0.8571935264401934
693,6.936936936936937,1.5207159064199485
694,6.946946946946947,1.3110117825448488
695,6.956956956956957,1.8285172531300438
696,6.966966966966967,1.9829006163695753
697,6.976976976976977,1.7660494504534012
698,6.986986986986987,1.5671158326296535
699,6.996996996996997,1.7619069079601566
700,7.007007007007007,2.353833696213109
701,7.017017017017017,1.998815913650824
702,7.027027027027027,2.177871442847674
703,7.037037037037037,2.894423857219194
704,7.047047047047047,2.6360960116058028
705,7.057057057057057,2.5703785606249143
706,7.067067067067067,2.6156278121143988
707,7.077077077077077,3.2012537612733403
708,7.087087087087087,3.51936774056461
709,7.097097097097097,3.4035178780003807
710,7.107107107107107,3.229877939381674
711,7.117117117117117,3.1435969422113654
712,7.127127127127127,3.1621158242300185
713,7.137137137137137,3.4420928544856246
714,7.147147147147147,3.5427672653472393
715,7.157157157157157,3.184097649372466
716,7.167167167167167,3.006445737919309
717,7.177177177177177,3.8137142361967755
718,7.187187187187187,3.2937516647681635
719,7.197197197197197,3.4847152038101643
720,7.207207207207207,3.1399271066028707
721,7.217217217217217,3.172196974396645
722,7.227227227227227,3.230915920176335
723,7.237237237237237,3.8275199794195807
724,7.247247247247247,3.087606405507679
725,7.257257257257257,2.937532398680851
726,7.267267267267267,3.32198720619985
727,7.277277277277277,3.2231007099077362
728,7.287287287287287,3.434939055735921
729,7.297297297297297,3.36743694912166
730,7.307307307307307,2.8248877896245577
731,7.317317317317317,2.8747034606855797
732,7.327327327327327,3.0353658668712002
733,7.337337337337337,2.4088941573669698
734,7.347347347347347,2.13418708406962
735,7.357357357357357,1.9574060115046708
736,7.367367367367367,2.2446642484590025
737,7.377377377377377,1.6740827031604164
738,7.387387387387387,1.97245876157774
739,7.397397397397397,1.6903298411000507
740,7.407407407407407,1.402279086975922
741,7.4174174174174174,1.7148462582184805
742,7.4274274274274275,1.5220653883383564
743,7.4374374374374375,1.3847052284822932
744,7.4474474474474475,1.4558841753237268
745,7.4574574574574575,1.033191529261841
746,7.4674674674674675,0.48856098308572815
747,7.4774774774774775,0.9396982789396888
748,7.4874874874874875,0.9582441746083084
749,7.4974974974974975,0.34184068282071833
750,7.5075075075075075,0.43266361840237855
751,7.5175175175175175,0.1621307634019452
752,7.5275275275275275,0.1255784540246333
753,7.5375375375375375,0.055408056152632335
754,7.5475475475475475,0.4637061639727461
755,7.5575575575575575,0.5324499575793392
756,7.5675675675675675,0.5657967253752236
757,7.5775775775775776,0.2343436610941524
758,7.587587587587588,0.8947913700238079
759,7.597597597597598,0.5834267812397935
760,7.607607607607608,1.121199916864218
761,7.617617617617618,1.1632185822380952
762,7.627627627627628,0.7243899863658863
763,7.637637637637638,0.9618704329031093
764,7.647647647647648,1.0674376662971223
765,7.657657657657658,0.8280619077059713
766,7.667667667667668,0.7999713417939207
767,7.677677677677678,1.2192909183509366
768,7.687687687687688,1.5351930514840502
769,7.697697697697698,1.6137158134868876
770,7.707707707707708,1.1933746473211404
771,7.717717717717718,1.2238871430264564
772,7.727727727727728,1.9352608353721639
773,7.737737737737738,2.446755323220969
774,7.747747747747748,1.6688091900062894
775,7.757757757757758,1.9178479509773068
776,7.767767767767768,2.031442762316747
777,7.777777777777778,2.3129437842501535
778,7.787787787787788,2.848159810071017
779,7.797797797797798,2.7493441760015163
780,7.807807807807808,2.9755880953109166
781,7.817817817817818,2.650397869263315
782,7.827827827827828,2.9943805520613385
783,7.837837837837838,2.6614832999816933
784,7.847847847847848,3.633058456964685
785,7.857857857857858,3.022149252033726
786,7.867867867867868,3.8226096149777415
787,7.877877877877878,3.5545985607452324
788,7.887887887887888,3.2682594107602796
789,7.897897897897898,3.6104788519281015
790,7.907907907907908,2.9955361201696395
791,7.917917917917918,3.9822803780282747
792,7.927927927927928,3.42420737735652
793,7.937937937937938,3.480116375748593
794,7.947947947947948,3.3960239932374567
795,7.957957957957958,3.5929757884277223
796,7.967967967967968,3.6256036278838293
797,7.977977977977978,2.9572192326147397
798,7.987987987987988,3.027858572093558
799,7.997997997997998,2.959855362114032
800,8.008008008008009,2.612830147174984
801,8.018018018018019,2.6378540032854936
802,8.028028028028029,2.5049699105431738
803,8.038038038038039,2.6939399832055
804,8.048048048048049,2.8924418864989088
805,8.058058058058059,2.279242398898932
806,8.068068068068069,2.277239318877723
807,8.078078078078079,2.0229011240212307
808,8.088088088088089,1.9341746618703795
809,8.098098098098099,2.0153644571856226
810,8.108108108108109,1.9872520792676998
811,8.118118118118119,1.92026793083611
812,8.128128128128129,1.5533995450678462
813,8.138138138138139,0.9273532512069309
814,8.148148148148149,1.1863228400704604
815,8.158158158158159,1.1655686691683256
816,8.168168168168169,1.2490781167288545
817,8.178178178178179,1.1971702568926426
818,8.188188188188189,0.7130325343803017
819,8.198198198198199,1.2437009338209695
820,8.208208208208209,0.5641876954373454
821,8.218218218218219,0.2527280921311794
822,8.228228228228229,0.8936272888674895
823,8.238238238238239,0.1384296055440376
824,8.248248248248249,0.8002092924575978
825,8.258258258258259,0.6052098758955583
826,8.268268268268269,0.9417257835177979
827,8.278278278278279,0.36753605068395734
828,8.288288288288289,0.11750856665538478
829,8.298298298298299,0.8600730549273187
830,8.308308308308309,1.117826280552445
831,8.318318318318319,1.1620602007354401
832,8.328328328328329,1.1422814197788278
833,8.338338338338339,0.4230406098348628
834,8.348348348348349,0.8376425899789021
835,8.358358358358359,1.0728431800529385
836,8.368368368368369,1.6380114983777427
837,8.378378378378379,1.107964828473737
838,8.388388388388389,1.2572676562279463
839,8.398398398398399,2.0238920473404827
840,8.408408408408409,1.771770771076949
841,8.418418418418419,1.767857794472457
842,8.428428428428429,2.225746930213968
843,8.438438438438439,1.6049094597975437
844,8.448448448448449,1.9025020043899357
845,8.458458458458459,2.8243157328937682
846,8.468468468468469,2.880006848219465
847,8.478478478478479,3.1206548156316876
848,8.488488488488489,2.6663576968856337
849,8.498498498498499,2.9024550436452263
850,8.508508508508509,2.8566581527924844
851,8.518518518518519,2.9247679280888104
852,8.528528528528529,2.905529315215815
853,8.538538538538539,3.726875261188402
854,8.548548548548549,2.9888198326163646
855,8.558558558558559,3.379797711228453
856,8.568568568568569,3.4338357508605033
857,8.578578578578579,3.065343920242047
858,8.588588588588589,3.53691731343005
859,8.598598598598599,3.724785440196817
860,8.608608608608609,3.011786777478582
861,8.618618618618619,3.189375730799552
862,8.62862862862863,2.960616041933794
863,8.63863863863864,2.9512776793567927
864,8.64864864864865,3.33743514846581
865,8.65865865865866,3.349503668214465
866,8.66866866866867,3.067355921864552
867,8.67867867867868,3.1230167493689343
868,8.68868868868869,2.953987953464407
869,8.6986986986987,2.8822780009049476
870,8.70870870870871,2.3652608762369485
871,8.71871871871872,2.7063064901542595
872,8.72872872872873,2.9152598567778005
873,8.73873873873874,2.659486266455293
874,8.74874874874875,2.4979440262310657
875,8.75875875875876,1.7775316030405413
876,8.76876876876877,2.0054785889554716
877,8.77877877877878,1.451267683844232
878,8.78878878878879,1.2535574777707543
879,8.7987987987988,1.8059848881770888
880,8.80880880880881,0.8376066190082945
881,8.81881881881882,1.634187454814585
882,8.82882882882883,1.3754230786350456
883,8.83883883883884,0.5587581237178332
884,8.84884884884885,0.7083801691605697
885,8.85885885885886,0.559079864465765
886,8.86886886886887,0.6276200574375957
887,8.87887887887888,0.2464176233026314
888,8.88888888888889,0.748835638005838
889,8.8988988988989,0.053397166944306074
890,8.90890890890891,0.38583638452514346
891,8.91891891891892,0.010393721462737537
892,8.92892892892893,0.8719285391281744
893,8.93893893893894,0.9672008205364895
894,8.94894894894895,0.6189470956533686
895,8.95895895895896,0.6962353557465634
896,8.96896896896897,0.9192355554157653
897,8.97897897897898,0.8608220687810254
898,8.98898898898899,1.1269376328147054
899,8.998998998999,1.442946515524958
900,9.00900900900901,1.4045088987852934
901,9.01901901901902,1.0758473045428327
902,9.02902902902903,1.3240591604101728
903,9.03903903903904,1.242825183432278
904,9.04904904904905,1.6369566630082708
905,9.05905905905906,2.099623172214009
906,9.06906906906907,2.1707631442317563
907,9.07907907907908,1.740655837257848
908,9.08908908908909,1.9610586736310611
909,9.0990990990991,2.179298156004015
910,9.10910910910911,2.7760544173681687
911,9.11911911911912,2.5798757855352825
912,9.12912912912913,2.2694283568675857
913,9.13913913913914,2.9515307316209998
914,9.14914914914915,3.231905988581169
915,9.15915915915916,3.0903417894792367
916,9.16916916916917,2.931858278730968
917,9.17917917917918,3.0360759330196165
918,9.18918918918919,3.146195710158348
919,9.1991991991992,3.904246960187133
920,9.20920920920921,3.8713039365113384
921,9.21921921921922,3.611353314378342
922,9.22922922922923,3.0175238428077735
923,9.23923923923924,3.0607776925405514
924,9.24924924924925,3.2533256995649076
925,9.25925925925926,3.086210589671957
926,9.26926926926927,2.923124501006688
927,9.27927927927928,3.2819024506756174
928,9.28928928928929,2.879881267445375
929,9.2992992992993,2.681799929265033
930,9.30930930930931,3.497757119630719
931,9.31931931931932,2.69494408049824
932,9.32932932932933,2.4030511129719936
933,9.33933933933934,2.282566683446312
934,9.34934934934935,2.584618817839294
935,9.35935935935936,1.9712593887094636
936,9.36936936936937,2.4527189486958223
937,9.37937937937938,2.1012492827306506
938,9.38938938938939,1.6145934473230517
939,9.3993993993994,1.73203878088587
940,9.40940940940941,1.8203646410447298
941,9.41941941941942,1.3498157766936911
942,9.42942942942943,0.902742270754898
943,9.43943943943944,1.6115148144635594
944,9.44944944944945,0.6760287381771777
945,9.45945945945946,1.0071842864274352
946,9.46946946946947,0.35801616226790656
947,9.47947947947948,0.41330653401885387
948,9.48948948948949,0.6753153796713927
949,9.4994994994995,0.9721612792969784
950,9.50950950950951,0.5748192690013794
951,9.51951951951952,0.7734646504411816
952,9.52952952952953,0.8841033106180685
953,9.53953953953954,0.043542841074951544
954,9.54954954954955,0.3780747229566679
955,9.55955955955956,0.3544768728895157
956,9.56956956956957,0.15472833492880345
957,9.57957957957958,0.6157686631389907
958,9.58958958958959,0.4913002950210683
959,9.5995995995996,0.35403354435325074
960,9.60960960960961,1.0497611296594496
961,9.61961961961962,1.2918032141787825
962,9.62962962962963,1.6934028560236523
963,9.63963963963964,1.0131110210708973
964,9.64964964964965,1.1471532100662216
965,9.65965965965966,1.348149027467509
966,9.66966966966967,1.655638293409054
967,9.67967967967968,1.7776276291064952
968,9.68968968968969,1.9604441669274326
969,9.6996996996997,2.677156458125647
970,9.70970970970971,2.48685662252278
971,9.71971971971972,2.6044772273736516
972,9.72972972972973,3.1091262042094674
973,9.73973973973974,2.7754780538690635
974,9.74974974974975,3.1635914285175875
975,9.75975975975976,3.266344185825691
976,9.76976976976977,2.9861587023142637
977,9.77977977977978,2.9471054532218384
978,9.78978978978979,2.946654872238363
979,9.7997997997998,3.4820183255968837
980,9.80980980980981,3.074244733036017
981,9.81981981981982,3.1506567850605864
982,9.82982982982983,3.751980123714108
983,9.83983983983984,3.8061544476889475
984,9.84984984984985,3.199332443580764
985,9.85985985985986,3.5617885969487246
986,9.86986986986987,3.459950312104475
987,9.87987987987988,3.2160087536751196
988,9.88988988988989,3.165920728051338
989,9.8998998998999,2.8935299641752965
990,9.90990990990991,2.929737508172229
991,9.91991991991992,2.8077496602651606
992,9.92992992992993,2.306680213718958
993,9.93993993993994,3.0039721148581386
994,9.94994994994995,2.059138734223377
995,9.95995995995996,1.7888331236230812
996,9.96996996996997,1.9892263472658807
997,9.97997997997998,2.0935256325201372
998,9.98998998998999,2.054645653890985
999,10.0,1.2640996746292266
